{"comms20_0.6":{"bg_file":"/home/ap721/code/gbpstack/assets/imgs/003_oct=5.png","coverage":[0.0,0.027499999850988388,0.027499999850988388,0.027499999850988388,0.027499999850988388,0.027499999850988388,0.027499999850988388,0.027499999850988388,0.027499999850988388,0.027499999850988388,0.027499999850988388,0.027499999850988388,0.027499999850988388,0.027499999850988388,0.027499999850988388,0.027499999850988388,0.027499999850988388,0.027499999850988388,0.027499999850988388,0.027499999850988388,0.027499999850988388,0.034999996423721313,0.034999996423721313,0.034999996423721313,0.034999996423721313,0.034999996423721313,0.034999996423721313,0.034999996423721313,0.034999996423721313,0.034999996423721313,0.034999996423721313,0.03750000149011612,0.03750000149011612,0.03750000149011612,0.03750000149011612,0.03750000149011612,0.03750000149011612,0.03750000149011612,0.03750000149011612,0.03750000149011612,0.03750000149011612,0.03750000149011612,0.03750000149011612,0.03750000149011612,0.03750000149011612,0.03750000149011612,0.03750000149011612,0.03750000149011612,0.03750000149011612,0.03750000149011612,0.03750000149011612,0.03999999910593033,0.03999999910593033,0.03999999910593033,0.03999999910593033,0.03999999910593033,0.03999999910593033,0.03999999910593033,0.03999999910593033,0.03999999910593033],"distances":[7.194021224975586,8.51115608215332,8.514466285705566,7.194021224975586],"rms":[0.61738121509552,0.6112024784088135,0.6112024784088135,0.6112024784088135,0.6112024784088135,0.6112024784088135,0.6112024784088135,0.6112024784088135,0.6112024784088135,0.6112024784088135,0.6112024784088135,0.611175537109375,0.611175537109375,0.611175537109375,0.611175537109375,0.611175537109375,0.611175537109375,0.611175537109375,0.611175537109375,0.611175537109375,0.611175537109375,0.6087658405303955,0.6087658405303955,0.6087658405303955,0.6087658405303955,0.6087658405303955,0.6087658405303955,0.6087658405303955,0.6087658405303955,0.6087658405303955,0.6087658405303955,0.6081377863883972,0.6081377863883972,0.6081377863883972,0.6081377863883972,0.6081377863883972,0.6081377863883972,0.6081377863883972,0.6081377863883972,0.6081377863883972,0.6081377863883972,0.6079638004302979,0.6079638004302979,0.6079638004302979,0.6079638004302979,0.6079638004302979,0.6079638004302979,0.6079638004302979,0.6079638004302979,0.6079638004302979,0.6079638004302979,0.6071937680244446,0.6071937680244446,0.6071937680244446,0.6071937680244446,0.6071937680244446,0.6071937680244446,0.6071937680244446,0.6071937680244446,0.6071937680244446],"robots":[[[-6.0,-31.0],[-6.000000000000002,-31.00000000000001],[-5.9999696830414555,-31.000121267834235],[-5.9978183587535225,-31.009044489760203],[-6.002879753017257,-31.012730738654707],[-6.015942936692358,-31.01060453830504],[-6.036996670996104,-31.002708896356438],[-6.065754973767828,-30.989261022664653],[-6.101851755872393,-30.97052578557334],[-6.14490795293457,-30.94677454277233],[-6.194553749163946,-30.918271358124674],[-6.250435436372537,-30.885268683208654],[-6.312217064114721,-30.848006334118182],[-6.379580345748807,-30.806711595466904],[-6.452224002357971,-30.7615996924113],[-6.529862947374036,-30.712874367095736],[-6.612227448290864,-30.660728469170934],[-6.699062310600094,-30.605344530264034],[-6.79012609783886,-30.54689531309767],[-6.885190390989107,-30.485544333100062],[-6.984039086888169,-30.421446352760608],[-7.086467734157292,-30.354747849764614],[-7.192282904832324,-30.2855874601598],[-7.301083680068608,-30.214216692570776],[-7.396741068064929,-30.14956547334487],[-7.478221974759767,-30.09207551349576],[-7.54568666589024,-30.041630157562377],[-7.599682861724855,-29.997945796973685],[-7.640865742440013,-29.96069571759882],[-7.6699049446425525,-29.929449306836574],[-7.687630832336349,-29.896475995229935],[-7.694401639606473,-29.861709684355052],[-7.690719225008321,-29.825216922134235],[-7.677112776813653,-29.787090321862713],[-7.654101986970056,-29.74742555972426],[-7.622185313933016,-29.70631531484376],[-7.581836850223399,-29.663847657348924],[-7.5335061413470195,-29.62010574806229],[-7.477618983000148,-29.575167939503967],[-7.414578511588647,-29.529107995792003],[-7.344766352782656,-29.481995340992793],[-7.268543748990854,-29.433895306715673],[-7.186252640604515,-29.384869369786998],[-7.098216694397393,-29.33497537748914],[-7.004742278756747,-29.284267760058075],[-6.906119387485888,-29.232797730852766],[-6.802622514535953,-29.180613474815434],[-6.694511482142139,-29.127760325890225],[-6.582032224794607,-29.074280934050545],[-6.465417531375188,-29.020215422554482],[-6.34488774767825,-28.965601536012425],[-6.220651441420577,-28.91047477981557],[-6.092906031735244,-28.8548685514406],[-5.961838385039436,-28.798814264114128],[-5.827625379066382,-28.742341463291126],[-5.69043443675676,-28.685477936373818],[-5.550424031615245,-28.628249816071758],[-5.407744166052534,-28.57068167777988],[-5.262536824152601,-28.51279663132853],[-5.114936400228353,-28.45461640743886]],[[-47.0,43.0],[-47.00000000000002,43.000000000000014],[-46.99991161163659,43.000088388363494],[-46.9932274192965,43.00666046097171],[-46.97698098160679,43.014480194373085],[-46.95122432840105,43.02354982180707],[-46.916313739399726,43.03383230236024],[-46.872688129992135,43.04527152180112],[-46.820797659755506,43.05780697618044],[-46.76108029470064,43.07137903105032],[-46.693954596690915,43.08593053102795],[-46.61981805263927,43.10140720217992],[-46.53904727126549,43.11775766952667],[-46.45199878267724,43.134933355559184],[-46.35901000653993,43.152888345574915],[-46.26040024114954,43.17157924757819],[-46.156471624480126,43.19096505560568],[-46.04751005223287,43.21100701914304],[-45.933786049517416,43.23166851925257],[-45.815555596700165,43.25291495136217],[-45.69306091120858,43.27471361445456],[-45.56653118742601,43.29703360633751],[-45.43618329684959,43.319845724669506],[-45.30222245061929,43.34312237342494],[-45.16484282643112,43.36683747449817],[-45.024228161745256,43.390966384159775],[-44.88055231510013,43.415485814098176],[-44.73397979724585,43.44037375679023],[-44.58466627371926,43.46560941496077],[-44.43275904039567,43.49117313490406],[-44.27839747346962,43.517046343452556],[-44.121713455239046,43.54321148838993],[-43.962831776993646,43.56965198211686],[-43.80192879388562,43.59622596364131],[-43.643372178655405,43.61368718777498],[-43.48670744383474,43.62208288464441],[-43.331744255717275,43.62174687300378],[-43.17839087461294,43.61307238996881],[-43.02658910381119,43.59645894071843],[-42.876292353160935,43.57229531095417],[-42.72745846614467,43.540954079835785],[-42.58004737831248,43.5027902513137],[-42.43402034963659,43.4581413522544],[-42.28933971235302,43.407328028613506],[-42.1459687881702,43.350654790988116],[-42.003871860651984,43.28841078649861],[-41.86301416486232,43.22087055476674],[-41.723361881688376,43.14829475434333],[-41.58488213273404,43.07093085593597],[-41.44754297452539,42.989013802234716],[-41.31131339172606,42.90276663528842],[-41.17616328937991,42.81240109274091],[-41.04206348429991,42.71811817431647],[-40.90898569575244,42.62010867992981],[-40.77690253559092,42.51855372074948],[-40.64578749799148,42.41362520448806],[-40.515614948939515,42.30548629613365],[-40.38636011561342,42.194291855279744],[-40.25799907580979,42.08018885115306],[-40.13050874755506,41.963316756382966]],[[4.0,44.0],[4.000000000000001,44.00000000000002],[4.000088388363457,44.000088388363494],[4.006773179443891,44.00664936003237],[4.023065082600546,44.0136355189974],[4.048945945962244,44.021109579184454],[4.084066952709221,44.029078472800485],[4.12798856138793,44.03752385715649],[4.180257338148009,44.04642082245628],[4.240431280770731,44.05574371370857],[4.308087684820976,44.06546771826834],[4.382825034513631,44.075569255657825],[4.46426287395857,44.08602603493374],[4.552041023244954,44.09681701958535],[4.645818608285752,44.10792236786445],[4.745273064083048,44.11932336833634],[4.850099164448021,44.13100237651828],[4.960008094541293,44.142942754301664],[5.074726570061597,44.15512881256098],